hari,tanggal,harga_emas
1,2026-04-07,2850000
2,2026-04-08,2900000
3,2026-04-09,2850000
4,2026-04-10,2850000
5,2026-04-11,2860000
6,2026-04-12,2860000
7,2026-04-13,2818000
8,2026-04-14,2863000
9,2026-04-15,2888000
10,2026-04-16,2888000
11,2026-04-17,2868000
12,2026-04-18,2884000
13,2026-04-19,2884000
14,2026-04-20,2840000
15,2026-04-21,2880000
16,2026-04-22,2830000
17,2026-04-23,2805000
18,2026-04-24,2805000
19,2026-04-25,2825000
20,2026-04-26,2825000
21,2026-04-27,2809000
22,2026-04-28,2814000
23,2026-04-29,2784000
24,2026-04-30,2769000
25,2026-05-01,2799000
26,2026-05-02,2799000
27,2026-05-03,2799000
28,2026-05-04,2795000
29,2026-05-05,2760000
30,2026-05-06,2790000
31,2026-05-07,2840000
32,2026-05-08,2839000
