"conversation_id_str","created_at","favorite_count","full_text","id_str","image_url","in_reply_to_screen_name","lang","location","quote_count","reply_count","retweet_count","tweet_url","user_id_str","username"
"2039002695055609994","Tue Mar 31 15:31:39 +0000 2026","0","Tiap hari polanya sama tp kagak gue skip statusnya. Walau ga selalu beli. Kalo yg mie ayam sampe gue apal skripnya (kalo video) kalisari mengabarkan... (situasi terkini misal hujan ramai dll). Wkwk seru banget. Sehat² pengusahaaa manteeeb. https://t.co/XKgwXcV31a","2039002695055609994","https://pbs.twimg.com/media/HEv-I6Sa0AAx1L3.jpg","","in","","0","0","0","https://x.com/undefined/status/2039002695055609994","196947742",
"2038984760249430408","Tue Mar 31 14:20:24 +0000 2026","2","Kalisari https://t.co/lX12Kvuvao","2038984760249430408","https://pbs.twimg.com/ext_tw_video_thumb/2038984737025605632/pu/img/sAgXDE7s6FTo2mHv.jpg","","in","","0","0","0","https://x.com/undefined/status/2038984760249430408","63058555",
"2038942345757065594","Tue Mar 31 12:28:44 +0000 2026","1","@picoez Benar.. Claudia sukanya jalan jalan di pasar bunga dekat kampung pelangi kalisari. Pulangnya bawa jajan pasar LOPIS","2038956659465388092","","picoez","in","","0","0","1","https://x.com/undefined/status/2038956659465388092","1947171034081452032",
"2038946408548466852","Tue Mar 31 11:48:00 +0000 2026","0","Harga Aqiqah Surabaya Balongtani Cek https://t.co/FjKFMDJX3i atau https://t.co/UQ2cWEbLg6 Melayani Kalisari Keputih Kebraon Ngagelrejo Pagesangan Lidah Kulon Lidah Wetan Bulak Barata Jaya. #aqiqahsurabaya https://t.co/obqIxxokwH","2038946408548466852","https://pbs.twimg.com/media/HEpEFrhaUAAr0NL.jpg","","in","","0","0","0","https://x.com/undefined/status/2038946408548466852","1695744349664145408",
"2038939362147106894","Tue Mar 31 11:20:00 +0000 2026","0","Harga Aqiqah Surabaya Tebel Cek https://t.co/FjKFMDJX3i atau https://t.co/UQ2cWEbLg6 Melayani Tambaksari Simolawang Sumur Welut Bubutan Semampir Keputih Kalisari Kertajaya Lidah Kulon. #aqiqahsurabaya https://t.co/7zg82nHvhQ","2038939362147106894","https://pbs.twimg.com/media/HEpDnCFaYAAkCI1.jpg","","in","","0","0","0","https://x.com/undefined/status/2038939362147106894","1695744349664145408",
"2038840399444484222","Tue Mar 31 04:46:45 +0000 2026","0","Maxi masih belum ditemukan apabila ada yg melihat anjing manis seperti di poster mohon bantuannya untuk menghubungi kami di nomor tertera ya. Anak manis ini kemungkinan berjalan ke arah cijantung-kalisari-kelapa dua dan sekitarnya. Mohon Bantu adik maxi pulang yaa https://t.co/acRDdw9phg","2038840399444484222","https://pbs.twimg.com/media/HEtqiHYasAA6s0G.jpg","","in","","0","0","0","https://x.com/undefined/status/2038840399444484222","1411572236",
"2038653333897109730","Mon Mar 30 16:23:25 +0000 2026","0","Hari ini mencoba menepati janji pada diri sendiri buat sepedaan 40km sebelum April tapi faklah di tengah stravaku sempet error ga auto resume (yg garis miring di Kalisari gara baru resume lagi) harusnya udah 40km lebih tapi gaapalah besok coba resume genapin https://t.co/7a6ZSFzmdm","2038653333897109730","https://pbs.twimg.com/media/HErAZZFboAA8I8o.jpg","","in","","0","1","0","https://x.com/undefined/status/2038653333897109730","1427145746076209154",
"2038591822981644479","Mon Mar 30 12:19:00 +0000 2026","0","Harga Aqiqah Surabaya Watugolong Cek https://t.co/QBCw9gwQgP atau https://t.co/5GmwaA9Y41 Melayani Krembangan Utara Ngagelrejo Tambak Sarioso Babat Jerawat Tanjung Perak Kalisari Ujung Bulak Ketabang. #aqiqahsurabaya https://t.co/oiM679J0zZ","2038591822981644479","https://pbs.twimg.com/media/HEktJL3aQAAIP3s.jpg","","in","","0","0","0","https://x.com/undefined/status/2038591822981644479","1184086317715443714",
"2038588299795976468","Mon Mar 30 12:05:00 +0000 2026","0","Harga Aqiqah Surabaya Sidokepung Cek https://t.co/JOH6pTyeEF atau https://t.co/NOmUdqevYY Melayani Dupak Kalisari Benowo Manukan Wetan Sidodadi Sawahan Panjang Jiwo Ketabang Sukolilo Baru. #aqiqahsurabaya https://t.co/4EejSgWjEM","2038588299795976468","https://pbs.twimg.com/media/HEkDj9QaAAANJZK.jpg","","in","","0","0","0","https://x.com/undefined/status/2038588299795976468","1468500528745553925",
"2038572442302697684","Mon Mar 30 11:01:59 +0000 2026","0","Hallo warga komplek radar cijantung cijantung kalisari dan sekitarnya pls do your magic. Anabul kesayangan kerabat kami hilang sejak 28 Maret 2026 kemarin. Dengan ciri-ciri dan foto seperti di poster berikut. Apabila ada yg melihat tolong hubungi kami ya https://t.co/La7hXWXcL0","2038572442302697684","https://pbs.twimg.com/media/HEp21E9a4AATzDu.jpg","","in","","0","0","0","https://x.com/undefined/status/2038572442302697684","1411572236",
"2038307895037628781","Mon Mar 30 01:48:18 +0000 2026","0","@Sachinettiyil ow Kerk Kalisari Semarang https://t.co/HL0Z3UXZv2","2038433103245636067","https://pbs.twimg.com/media/HEn4GLRbgAA8Iv7.jpg","Sachinettiyil","in","","0","5","0","https://x.com/undefined/status/2038433103245636067","3148239847",
"1855866919683031097","Sun Mar 29 18:34:50 +0000 2026","0","List (6/14) JAK22: Dwikora-PENAS Kalimalang JAK23: Senen-Pisangan Baru JAK24: Senen-Pulogadung via Kelapa Gading JAK25: Kp. Rambutan-Kalisari JAK26: Rawamangun-Duren Sawit JAK27: Pulogebang-Rorotan JAK28: Pasar Rebo-St. LRT Harjamukti","2038324016348618962","","duniakecilRun","in","","0","0","0","https://x.com/undefined/status/2038324016348618962","1826137519261618176",
"2038244082611532233","Sun Mar 29 13:21:00 +0000 2026","1","favoriteku paru cabe ijo nya sih lokasi Warung Taburai Jalan Raya Mulyosari No.101 Kalisari Kec. Mulyorejo Surabaya https://t.co/7iUBltsR0j","2038245039487471694","https://pbs.twimg.com/media/HElNC3yaAAA8SMb.jpg","reviewbymia","in","","1","1","0","https://x.com/undefined/status/2038245039487471694","744733416",
"2037869838002016584","Sun Mar 29 13:18:11 +0000 2026","1","@mjktfess 1. terminal mjk ️ terminal bungur: 9-10rb terminal bungur ️ terminal arjosari (full tol &amp; ac naek tentrem atau kalisari atau bagong atau restu panda): 20-30rb terminal arjosari ️ terminal gadang: 5rb normal e. tp kdg iso ditarik 10rb (naek AG atau GA)","2038244328875917820","","mjktfess","in","","0","1","0","https://x.com/undefined/status/2038244328875917820","1648796545960271873",
"2037870376173322397","Sat Mar 28 23:19:12 +0000 2026","0","@sholahuddinash @arthosaputro @tfsurabaya @tf_malang Kalisari emang semua armadanya Patas kayanya om. Cmiiw. https://t.co/UrbubAh4vu","2038033192637342005","https://pbs.twimg.com/media/HEiMY3NbcAAJsc1.jpg","sholahuddinash","in","","0","1","0","https://x.com/undefined/status/2038033192637342005","79075513",
"2037870376173322397","Sat Mar 28 22:07:49 +0000 2026","0","@mhdlma @arthosaputro @tfsurabaya @tf_malang siap bang btw kalisari ini brp ya bang? sama kyk patas?","2038015227074351484","","mhdlma","in","","0","1","0","https://x.com/undefined/status/2038015227074351484","1271326149969276929",
"2037870376173322397","Sat Mar 28 22:02:42 +0000 2026","0","@sholahuddinash @arthosaputro @tfsurabaya @tf_malang -Kl emang tujuannya Malang ambil yg full tol. -Paling aman naik Patas. -Paling aman naik Kalisari. -Bayar tiket di atas saat bus jalan. -Kalau calo bengok2 ga usah digubris. -Fokus cari jalur Patas Malang.","2038013941725728837","","sholahuddinash","in","","0","1","0","https://x.com/undefined/status/2038013941725728837","79075513",
"2037970324407632184","Sat Mar 28 19:09:23 +0000 2026","0","ini masi ada ga si di kalisari? lupa dah gua","2037970324407632184","","","in","","0","0","0","https://x.com/undefined/status/2037970324407632184","1778731090234249216",
"2037803330794299480","Sat Mar 28 18:57:49 +0000 2026","0","@claaudyf ada kak di cibubur &amp; kalisari","2037967414848319696","","claaudyf","in","","0","0","0","https://x.com/undefined/status/2037967414848319696","1499826551164006400",
"2037959153268765034","Sat Mar 28 18:25:00 +0000 2026","0","Harga Aqiqah Surabaya Ngingas Cek https://t.co/Ex0a7FLS1C atau https://t.co/6nIPYiKm6m Melayani Kebonsari Gundih Gading Wiyung Menanggal Kalisari Benowo Romokalisari Pabean Cantian. #aqiqahsurabaya https://t.co/s9vWMTsqsm","2037959153268765034","https://pbs.twimg.com/media/HEa5AEbacAAf0VO.jpg","","in","","0","0","0","https://x.com/undefined/status/2037959153268765034","1709834444063031296",
