luas,jumlah_kamar,jarak_ke_kota,harga
49,4,8,407
57,5,1,648
64,3,5,579
45,2,8,287
127,2,1,1057
132,3,4,1097
134,5,7,1153
104,4,4,958
134,5,7,1168
39,4,2,449
119,4,7,1044
124,2,9,877
78,5,10,720
99,2,3,812
149,4,10,1238
46,3,4,401
75,2,9,501
102,3,5,863
144,4,5,1272
87,4,3,824
147,5,1,1428
42,5,8,476
114,5,4,1037
139,5,3,1332
114,2,3,947
84,3,1,799
102,2,7,823
70,2,10,453
31,4,6,325
104,3,9,838
111,2,3,956
66,3,5,577
93,2,9,705
63,2,6,514
76,3,1,742
106,4,9,890
126,3,1,1123
93,5,7,824
102,5,2,1073
47,4,6,453
120,5,10,967
95,4,3,937
68,4,9,534
134,3,5,1085
94,5,3,902
52,2,3,453
144,5,10,1200
115,2,8,898
89,5,3,876
129,5,2,1229
36,3,9,214
64,4,8,525
85,3,10,675
147,3,7,1232
80,5,5,793
146,2,4,1148
79,5,5,828
116,3,5,966
74,2,4,633
55,4,9,494
73,2,7,538
149,4,1,1334
148,5,3,1420
89,3,6,716
63,2,3,507
136,3,6,1162
48,4,10,345
34,5,5,398
89,3,3,842
40,5,4,468
125,5,2,1225
73,2,9,490
103,5,7,978
107,2,7,843
90,4,7,759
108,4,6,916
82,5,5,781
91,2,1,840
129,4,8,1113
114,4,1,1057
80,3,7,608
138,4,2,1241
86,5,5,793
82,5,7,737
104,4,2,1042
123,3,4,1087
91,4,6,793
140,2,3,1152
61,3,8,470
112,2,4,866
129,5,7,1137
75,2,9,489
125,3,10,915
37,4,5,415
54,5,6,568
94,2,7,664
113,5,1,1172
54,2,10,364
139,3,10,1037
131,2,2,1083
41,3,6,372
51,4,1,566
71,2,10,493
59,3,10,450
52,2,7,403
49,2,5,354
147,3,1,1347
54,3,5,482
120,4,4,1104
41,4,10,309
51,3,2,540
51,5,5,543
72,3,7,560
108,3,10,826
55,4,9,475
100,5,4,956
103,5,10,896
100,2,9,709
148,4,4,1311
73,2,4,627
87,3,3,831
86,3,2,834
150,4,2,1361
96,5,6,855
44,3,1,467
141,2,4,1130
80,2,4,699
39,4,8,386
128,5,6,1174
41,4,2,459
41,4,5,457
84,5,10,685
77,2,2,669
80,3,2,741
83,4,4,755
79,5,4,792
141,4,6,1225
147,3,10,1161
104,3,7,889
135,5,7,1170
85,4,10,641
61,4,7,537
104,4,3,927
57,4,2,652
95,4,4,926
83,4,3,836
124,3,1,1125
37,3,5,305
96,4,8,771
35,4,2,442
135,5,4,1256
100,5,9,900
83,5,1,914
49,3,2,519
35,4,3,387
137,3,8,1093
74,5,10,681
134,5,3,1218
39,3,2,387
66,2,2,574
99,2,5,810
98,4,10,760
123,2,2,1072
89,4,7,763
45,3,1,483
63,2,5,464
123,2,8,920
141,3,10,1046
71,5,4,782
130,3,10,940
133,5,10,1159
94,3,6,779
116,3,10,916
45,3,9,358
81,4,5,764
135,3,2,1179
82,3,2,738
78,5,7,767
34,4,5,384
84,2,9,613
119,3,7,1011
116,4,3,1107
77,4,6,654
126,4,2,1173
63,5,1,747
69,4,4,629
147,3,6,1256
58,2,5,425
96,4,2,906
94,4,9,764
44,3,7,325
125,5,1,1258
134,3,5,1140
117,5,9,976
142,5,3,1363
40,4,5,419
145,3,3,1247
109,3,5,966
145,4,2,1358
128,4,10,974
64,2,8,441
137,3,4,1189
129,5,7,1160
85,3,9,689
141,3,7,1126
126,5,3,1245
120,3,1,1084
136,2,5,1079
122,5,8,1112
90,2,2,759
72,3,1,674
120,3,1,1055
102,4,7,887
39,5,2,525
82,2,4,722
126,4,8,1012
85,4,8,712
49,4,7,439
35,2,3,294
43,3,3,439
116,3,9,897
92,2,5,767
97,3,2,904
46,5,6,500
150,2,2,1299
146,3,9,1153
145,4,9,1139
58,2,9,369
78,5,3,802
46,4,6,400
46,2,4,374
79,3,1,738
51,2,8,304
134,2,8,1057
85,2,7,655
69,4,1,774
55,3,4,519
90,5,7,796
47,4,10,364
83,2,2,765
33,3,3,393
69,5,5,704
63,5,6,641
54,2,2,514
42,3,2,487
138,4,8,1113
45,5,1,604
50,4,1,538
56,3,6,511
114,5,8,1038
140,2,1,1214
130,2,3,1072
140,3,10,1055
57,2,4,505
98,2,4,795
41,4,8,358
77,5,1,818
53,3,10,407
86,4,2,810
39,4,10,274
61,3,4,527
116,4,10,893
141,3,3,1182
136,3,1,1185
67,2,8,512
129,2,1,1089
86,4,2,893
89,5,1,960
87,4,5,813
90,3,3,849
150,5,1,1443
69,4,4,634
101,5,5,1006
65,5,10,602
114,2,7,918
150,3,8,1202
127,3,3,1122
121,3,1,1111
86,4,5,783
131,4,3,1216
127,3,1,1183
114,2,8,833
91,3,4,765
117,2,6,946
122,2,8,904
52,2,2,455
139,2,9,1022
104,4,6,890
49,5,10,429
88,3,4,809
93,5,3,931
78,4,3,756
65,3,8,544
150,5,7,1316
134,2,4,1118
83,4,10,656
89,4,3,808
150,5,2,1399
112,4,10,886
63,4,1,649
